{
  "intents": [
    {
      "tag": "greeting",
      "patterns": [
        "Witam wszystkich",
        "Dzień dobry Państwu",
        "Pozdrawiam serdecznie",
        "Hejka, jesteś aktywny?",
        "Czy bot jest dostępny?",
        "Możemy porozmawiać?",
        "Rozpocznijmy",
        "Potrzebuję informacji",
        "Chciałbym zadać pytanie",
        "Czy mogę prosić o pomoc?",
        "Hejże",
        "Czy działa ten asystent?",
        "Halo, pogodynko",
        "Powitać",
        "Kłaniam się",
        "Start",
        "Rozpocznij",
        "Halo halo",
        "Dobry dzionek",
        "Czy można prosić o informację?",
        "Bot pogodowy",
        "Asystent pogodowy",
        "Aplikacja pogodowa",
        "Pogodynka",
        "Pogodowy bot",
        "Obudź się",
        "Puk puk",
        "Rozpocznijmy rozmowę",
        "Odpowiedz mi",
        "Potrzebuję twojej pomocy",
        "Cześć",
        "Hej",
        "Dzień dobry",
        "Witaj",
        "Siema",
        "Hejka",
        "Dobry wieczór",
        "Elo",
        "Halo",
        "Hejo",
        "Cześć, co słychać?",
        "Witam serdecznie",
        "Miło Cię poznać",
        "Dzień dobry wszystkim",
        "Cześć, jesteś tam?",
        "Witam ponownie",
        "Czy ktoś tu jest?",
        "Hej, jak leci?",
        "Powitanie",
        "Moje uszanowanie",
        "Dzień dobry, pogodny dzień",
        "Dobrego dnia",
        "Jak się masz?",
        "Co tam?",
        "Hej, dawno się nie widzieliśmy",
        "Joł",
        "Uszanowanko",
        "Serwus",
        "Aloha",
        "Czołem"
      ],
      "responses": [
        "Cześć! Jak mogę Ci pomóc?",
        "Hej! W czym mogę pomóc?",
        "Witaj! O co chcesz zapytać?",
        "Dzień dobry! Jak mogę być pomocny?",
        "Cześć! Miło Cię widzieć. Jak mogę pomóc?",
        "Witam! Jestem gotów pomóc, o co chciałbyś zapytać?",
        "Witaj w pogodowym chatbocie! Zapytaj mnie o pogodę w dowolnym mieście!",
        "Hejka! Możesz zapytać mnie o pogodę, np. 'Jaka pogoda w Warszawie?'",
        "Cześć! Jestem Twoim asystentem pogodowym. W czym mogę pomóc?",
        "Dzień dobry! Jestem Twoim asystentem pogodowym. O jaką pogodę chciałbyś zapytać?",
        "Cześć! Chętnie pomogę Ci sprawdzić pogodę. Które miasto Cię interesuje?",
        "Witam serdecznie! Jestem botem pogodowym, gotowym do sprawdzenia warunków atmosferycznych w dowolnym miejscu.",
        "Hej! Możesz zapytać mnie o aktualną pogodę lub prognozę dla dowolnego miasta.",
        "Dzień dobry! Z przyjemnością pomogę Ci z informacjami pogodowymi. O jakie miasto chodzi?",
        "Cześć! Jestem do Twojej dyspozycji. Chciałbyś poznać aktualną pogodę czy prognozę?",
        "Witam! Możesz zapytać mnie o temperaturę, wilgotność, wiatr lub ogólne warunki w dowolnej lokalizacji!",
        "Hejka! Jestem gotowy odpowiedzieć na Twoje pytania o pogodę. Które miasto Cię interesuje?",
        "Dzień dobry! Niezależnie od tego, czy interesuje Cię deszcz, słońce czy śnieg - jestem tu, by pomóc!"
      ]
    },
    {
      "tag": "goodbye",
      "patterns": [
        "Kończę",
        "Muszę uciekać",
        "Muszę się rozłączyć",
        "Do usłyszenia wkrótce",
        "Żegnam się",
        "Muszę kończyć rozmowę",
        "Wystarczy na dzisiaj",
        "Dziękuję za rozmowę",
        "To by było na tyle",
        "Kończę konwersację",
        "Kończymy na dziś",
        "Muszę się zbierać",
        "Uciekam",
        "Wylogowuję się",
        "Do zobaczenia wkrótce",
        "Kończymy naszą rozmowę",
        "Zamykam czat",
        "Wychodzę z aplikacji",
        "Kończę sesję",
        "Zamknij aplikację",
        "Wyłączam bota",
        "Znikam",
        "Rozłączam się",
        "Wyloguj mnie",
        "Zakończ działanie",
        "Zamknij program",
        "Kończymy współpracę",
        "Skończone",
        "To wszystko co chciałem",
        "Mam już to czego potrzebowałem",
        "Do widzenia",
        "Dowidzenia",
        "Na razie",
        "Żegnaj",
        "Cześć",
        "Do zobaczenia",
        "Koniec",
        "Papa",
        "Pa",
        "Dobranoc",
        "Wychodzę",
        "Muszę już iść",
        "Do usłyszenia",
        "Żegnam",
        "Miłego dnia",
        "To na tyle",
        "Kończę rozmowę",
        "Do następnego razu",
        "Będę lecieć",
        "Do jutra",
        "Muszę kończyć",
        "Bywaj",
        "Trzymaj się",
        "Lecę",
        "Spadam",
        "Nara",
        "Dobrej nocy",
        "Dobrego wieczoru",
        "Zobaczymy się później",
        "Zamknij się",
        "Idę spać",
        "Kończymy",
        "Wyłącz się"
      ],
      "responses": [
        "Do zobaczenia! Dziękuję za skorzystanie z mojej pomocy.",
        "Żegnam i życzę przyjemnego dnia, niezależnie od pogody!",
        "Do zobaczenia! Pamiętaj, by sprawdzać pogodę przed wyjściem z domu!",
        "Żegnam! Będę tutaj, gdy znów będziesz potrzebować informacji pogodowych.",
        "Do widzenia! Pamiętaj - w pogodzie przygotowanie to klucz do sukcesu!",
        "Żegnam! Mam nadzieję, że Twój dzień będzie słoneczny!",
        "Do zobaczenia wkrótce! Deszcz czy słońce, będę tu, by pomóc ponownie!",
        "Żegnam! Niezależnie od pogody, bądź bezpieczny!",
        "Do widzenia! Zawsze jestem do dyspozycji, gdy potrzebujesz sprawdzić warunki atmosferyczne.",
        "Żegnam! Mam nadzieję, że informacje pogodowe były pomocne.",
        "Do widzenia!",
        "Miłego dnia!",
        "Do zobaczenia!",
        "Na razie! Wróć, gdy będziesz czegoś potrzebować.",
        "Żegnaj! Dziękuję za rozmowę.",
        "Do następnego razu!",
        "Do usłyszenia wkrótce!",
        "Trzymaj się! Zawsze służę pomocą w sprawach pogodowych.",
        "Miłego dnia i dobrej pogody!",
        "Żegnam! Jeśli będziesz chciał znów sprawdzić pogodę, wiesz gdzie mnie znaleźć."
      ]
    },
    {
      "tag": "thanks",
      "patterns": [
        "Bardzo ci dziękuję za wszystko",
        "Dziękuję za informacje pogodowe",
        "Jesteś bardzo pomocny, dziękuję",
        "Doceniam twoją dokładność",
        "Dziękuję za szybką odpowiedź",
        "Byłeś bardzo pomocny",
        "Dziękuję za poświęcony czas",
        "Ratujesz mi dzień",
        "Dziękuję za sprawdzenie tego dla mnie",
        "Dziękuję, dokładnie o to mi chodziło",
        "Właśnie tego potrzebowałem, dzięki",
        "Ogromne podziękowania",
        "Dziękuję za precyzyjną odpowiedź",
        "To rozwiązuje mój problem, dziękuję",
        "Niesamowicie pomocne, dzięki",
        "Dziękuję za wyczerpującą odpowiedź",
        "Jestem pod wrażeniem, dziękuję",
        "Świetna robota, dziękuję",
        "Dziękuję za szybką informację",
        "Dziękuję z całego serca",
        "To bardzo cenne informacje, dziękuję",
        "Dziękuję za twoją wiedzę",
        "Super, to mi pomoże, dzięki",
        "Genialnie, dziękuję",
        "Dziękuję za ostrzeżenie",
        "Bardzo doceniam twoją pracę",
        "Ratujesz moje plany, dziękuję",
        "Dziękuję za ten prognostyk",
        "Dziękuję za dane pogodowe",
        "Dziękuję, to bardzo przydatne",
        "Dziękuję",
        "Dzięki",
        "Dzięki wielkie",
        "Super, dzięki",
        "Bardzo dziękuję",
        "Doceniam to",
        "Dziękuję za informację",
        "Dzięki za pomoc",
        "Jestem wdzięczny",
        "Doceniam twoją pomoc",
        "Dziękuję bardzo za odpowiedź",
        "Dzięki za sprawdzenie",
        "Super, tego właśnie potrzebowałem",
        "Świetnie, dzięki",
        "Dziękuję za Twój czas",
        "To mi pomogło, dzięki",
        "Wielkie dzięki",
        "Jestem zobowiązany",
        "Dziękuję ślicznie",
        "Doceniam twoją wiedzę",
        "Thanks",
        "Dzięki stary",
        "Dzięki wielkie za informacje",
        "Bardzo pomocne, dziękuję",
        "Dziękuję za szczegóły",
        "Dzięki za pogodę",
        "Dziękuję za informacje o pogodzie",
        "Dzięki za sprawdzenie pogody",
        "Super informacje pogodowe, dzięki",
        "Dobra robota, dzięki",
        "To dokładnie to, czego szukałem, dzięki",
        "Pomocne, dziękuję"
      ],
      "responses": [
        "Służę pomocą! Zawsze z przyjemnością dostarczam informacje pogodowe.",
        "Przyjemność po mojej stronie! Czy mogę jeszcze w czymś pomóc?",
        "Bardzo się cieszę, że mogłem pomóc! Zapytaj, jeśli będziesz potrzebować więcej informacji.",
        "Miło mi to słyszeć! Zawsze staram się dostarczać dokładne dane pogodowe.",
        "Polecam się na przyszłość! Sprawdzanie pogody to moja specjalność.",
        "Miło mi, że mogłem być pomocny! Pamiętaj, że jestem dostępny 24/7 dla twoich zapytań o pogodę.",
        "Zawsze z przyjemnością dostarczam potrzebne informacje pogodowe!",
        "To moje zadanie! Cieszę się, że mogłem pomóc w planowaniu w oparciu o pogodę.",
        "Pomaganie w sprawach pogodowych to dla mnie czysta przyjemność!",
        "Do usług! Celem mojego istnienia jest dostarczanie dokładnych informacji pogodowych.",
        "Nie ma za co!",
        "Cała przyjemność po mojej stronie!",
        "Cieszę się, że mogłem pomóc!",
        "To żaden problem. Daj znać, jeśli potrzebujesz czegoś więcej.",
        "Do usług! Zawsze chętnie pomagam.",
        "Cieszę się, że mogłem być pomocny. Czy jest coś jeszcze, czego potrzebujesz?",
        "Zawsze do usług! Informacje pogodowe to moja specjalność.",
        "Nie ma sprawy! Jeśli potrzebujesz więcej danych pogodowych, daj znać.",
        "Cieszę się, że mogłem dostarczyć te informacje. Czy potrzebujesz czegoś jeszcze?",
        "Zawsze z przyjemnością pomagam w sprawach pogodowych!"
      ]
    },
    {
      "tag": "weather",
      "patterns": [
        "Jak wygląda dziś pogoda w",
        "Potrzebuję aktualną prognozę dla",
        "Sprawdź mi warunki atmosferyczne w",
        "Podaj mi obecną temperaturę w",
        "Czy niebo jest zachmurzone w",
        "Jakie są aktualne opady w",
        "Jaki jest obecnie wiatr w",
        "Jaka jest przewidywana temperatura dla",
        "Czy obecnie świeci słońce w",
        "Czy potrzebuję parasola w",
        "Jak się ubierać dzisiaj w",
        "Jak wygląda niebo teraz w",
        "Podaj mi wskaźnik UV dla",
        "Jaka jest odczuwalna temperatura w",
        "Czy jest wysoka wilgotność w",
        "Jakie są aktualne zjawiska atmosferyczne w",
        "Podaj mi pełne dane pogodowe dla",
        "Czy jest dzisiaj mgliście w",
        "Jak obecnie wygląda pogoda w okolicach",
        "Czy jest dziś dobre powietrze w",
        "Potrzebuję znać indeks jakości powietrza w",
        "Czy warto wychodzić na zewnątrz w",
        "Sprawdź mi aktualne wskazania pogodowe dla",
        "Czy pada śnieg w tej chwili w",
        "Jaka jest teraz temperatura maksymalna w",
        "Jaka jest teraz temperatura minimalna w",
        "Podaj mi pełny obraz pogodowy dla",
        "Jakie są aktualne zagrożenia pogodowe w",
        "Czy jest dziś spokojnie pod względem pogodowym w",
        "Podaj mi szczegółowe informacje o aktualnej aurze w",
        "Chciałbym sprawdzić pogodę w",
        "Chciałbym wiedzieć jaka jest pogoda w",
        "Sprawdź dla mnie pogodę w",
        "Mógłbyś sprawdzić pogodę w",
        "Chcę poznać pogodę w",
        "Interesuje mnie pogoda w",
        "Jaka jest pogoda w",
        "Ile stopni jest w",
        "Czy pada w",
        "Pogoda w",
        "Temperatura w",
        "Jaka będzie pogoda w",
        "Czy będzie padać w",
        "Czy jest słonecznie w",
        "Aktualna pogoda w",
        "Warunki pogodowe w",
        "Prognoza dla",
        "Czy jest ciepło w",
        "Czy jest zimno w",
        "Opady w",
        "Prędkość wiatru w",
        "Jak jest teraz w",
        "Jaka jest temperatura w",
        "Czy pada deszcz w",
        "Czy jest burza w",
        "Czy jest mgła w",
        "Jaka jest widoczność w",
        "Czy jest słonecznie dzisiaj w",
        "Czy pada śnieg w",
        "Jaka jest wilgotność w",
        "Czy jest zachmurzenie w",
        "Podaj pogodę dla",
        "Chcę wiedzieć jaka jest pogoda w",
        "Sprawdź pogodę w",
        "Jakie są warunki atmosferyczne w",
        "Czy świeci słońce w",
        "Jakie jest ciśnienie w",
        "Czy jest wietrznie w",
        "Czy jest duża wilgotność w",
        "O której jest zachód słońca w",
        "O której wschód słońca w",
        "Podaj temperaturę w",
        "Jaka teraz temperatura w",
        "Czy jest ładna pogoda w",
        "Czy pada deszcz w tej chwili w",
        "Czy jest brzydka pogoda w",
        "Sprawdź czy pada w",
        "Na termometrze w",
        "Jaka pogoda panuje w",
        "Jaka jest aura w",
        "Czy jest upalnie w",
        "Czy będzie padać deszcz w",
        "Czy będzie padać śnieg w",
        "Czy jest ciepło na dworze w",
        "Pokazuj pogodę dla",
        "Znajdź informacje o pogodzie w",
        "Informacje o temperaturze w",
        "Wilgotność w mieście",
        "Jaka aura jest dzisiaj w",
        "Deszcze w",
        "Śnieg w",
        "Burza w",
        "Prognozy opadów dla",
        "Czy jest zimno na zewnątrz w",
        "Wyświetl pogodę dla"
      ],
      "responses": [
        "Sprawdzam najnowsze dane pogodowe dla {city}, moment...",
        "Oto kompletna informacja pogodowa dla {city} na ten moment:",
        "Sprawdzam dla Ciebie dokładne warunki atmosferyczne w {city}...",
        "Właśnie sprawdzam serwisy meteorologiczne dla {city}. Oto wyniki:",
        "Aktualny raport pogodowy dla {city} prezentuje się następująco:",
        "Oto najświeższe informacje pogodowe z {city} na ten moment:",
        "Sprawdzam dokładne dane z satelitów i stacji meteorologicznych dla {city}...",
        "Warunki pogodowe w {city} w tej chwili to:",
        "Najnowsze odczyty z {city} pokazują następujące warunki:",
        "Oto co pokazują serwisy meteorologiczne dla {city} w tej chwili:",
        "Sprawdzam aktualną pogodę w {city}...",
        "Oto informacje pogodowe dla {city}:",
        "Aktualna pogoda w {city}:",
        "Sprawdzam warunki atmosferyczne w {city}...",
        "Oto najnowsze dane pogodowe dla miasta {city}:",
        "Sprawdzam dane z serwisu pogodowego dla {city}...",
        "Pogoda dla {city} przedstawia się następująco:",
        "Aktualnie w {city} warunki pogodowe to:",
        "Oto aktualna prognoza dla {city}:"
      ]
    },
    {
      "tag": "forecast",
      "patterns": [
        "Jak będzie wyglądać pogoda w najbliższym czasie w",
        "Podaj mi prognozę długoterminową dla",
        "Jaka pogoda czeka nas w",
        "Przewidywane warunki pogodowe dla",
        "Jakie zjawiska atmosferyczne przewidywane są dla",
        "Jak zapowiada się koniec tygodnia w",
        "Jaka będzie temperatura w nadchodzących dniach w",
        "Czy warto planować wyjazd w weekend do",
        "Jakie są szanse na deszcz w przyszłym tygodniu w",
        "Czy będzie ciepło przez najbliższe dni w",
        "Podaj mi szczegółową prognozę dla",
        "Jakie będą wahania temperatury w",
        "Jak będzie się zmieniać pogoda w ciągu następnego tygodnia w",
        "Czy nadchodzą jakieś burze do",
        "Jak będzie wyglądał przyszły miesiąc pogodowo w",
        "Jaka będzie średnia temperatura w przyszłym tygodniu w",
        "Podaj mi tendencje pogodowe dla",
        "Jakie będą maksymalne temperatury w następnym tygodniu w",
        "Czy warto planować aktywności na zewnątrz w następnych dniach w",
        "Jakie są przewidywania meteorologów dla",
        "Podaj mi dokładną prognozę na następny tydzień dla",
        "Jak będzie się kształtować pogoda w następnych 10 dniach w",
        "Jakie mamy perspektywy pogodowe dla",
        "Czy nadchodzą jakieś zmiany pogodowe do",
        "Jaka będzie pogoda na nadchodzące święta w",
        "Daj mi prognozę sezonową dla",
        "Jakie zjawiska pogodowe przewidywane są w przyszłym miesiącu w",
        "Czy prognozowane są jakieś anomalie pogodowe dla",
        "Jaki będzie trend temperatury w najbliższym czasie w",
        "Podaj mi główne cechy prognozy na najbliższy tydzień dla",
        "Prognoza pogody dla",
        "Jaka będzie pogoda w najbliższych dniach w",
        "Prognoza na tydzień dla",
        "Pogoda na jutro w",
        "Pogoda długoterminowa dla",
        "Jaka będzie pogoda w weekend w",
        "Czy w najbliższych dniach będzie padać w",
        "Sprawdź prognozę dla",
        "Pogoda na następny tydzień w",
        "Jak będzie w następnych dniach w",
        "Pogoda na kilka dni w",
        "Jak się zapowiada pogoda w",
        "Czy będzie ciepło w najbliższych dniach w",
        "Prognoza na 5 dni dla",
        "Przewidywana pogoda dla",
        "Czy weekend będzie słoneczny w",
        "Czy będzie burza w najbliższych dniach w",
        "Prognoza długoterminowa dla",
        "Jaka będzie aura w najbliższych dniach w",
        "Sprawdź jaka będzie pogoda jutro w",
        "Czy w przyszłym tygodniu będzie padać w",
        "Jak zapowiada się pogoda na weekend w",
        "Prognoza opadów dla",
        "Jaka będzie temperatura w następnych dniach w",
        "Przewidywana temperatura dla",
        "Pogoda na kilka dni naprzód w",
        "Czy będzie padać w weekend w",
        "Jaka będzie pogoda za kilka dni w",
        "Prognoza pogodowa na najbliższe dni w",
        "Czy jutro będzie ładna pogoda w",
        "Czy w przyszłym tygodniu będzie ciepło w",
        "Przewidywane opady w",
        "Jak będzie z pogodą w przyszłym tygodniu w",
        "Jaka będzie pogoda za tydzień",
        "Jaka będzie pogoda za kilka dni",
        "Pogoda na przyszły tydzień",
        "Co z pogodą za 3 dni",
        "Jak będzie za tydzień w",
        "Czy za dwa dni będzie padać",
        "Prognoza na następny miesiąc",
        "Pogoda za kilka dni",
        "Czy w przyszłym tygodniu będzie słońce",
        "Czy za tydzień będzie burza",
        "Jak będzie wyglądać pogoda za kilka dni",
        "Sprawdź prognozę na następny tydzień"
      ],
      "responses": [
        "Analizuję prognozy meteorologiczne na najbliższe dni dla {city}...",
        "Oto szczegółowa prognoza pogody dla {city} na nadchodzący okres:",
        "Sprawdzam modele pogodowe dla {city} na następne dni. Oto wyniki:",
        "Według najnowszych prognoz, pogoda w {city} będzie się kształtować następująco:",
        "Przeglądając prognozy dla {city}, mogę przedstawić następujące przewidywania:",
        "Modele meteorologiczne dla {city} na najbliższe dni przewidują:",
        "Analizując dane prognostyczne, mogę przedstawić następującą prognozę dla {city}:",
        "Według serwisów meteorologicznych, w {city} w ciągu najbliższych dni:",
        "Najnowsze modele prognostyczne dla {city} pokazują następujące tendencje:",
        "Sprawdziłem długoterminową prognozę dla {city}. Oto szczegóły:",
        "Sprawdzam prognozę na najbliższe dni dla {city}...",
        "Oto prognoza pogody na 5 dni dla {city}:",
        "Sprawdzam, jak będzie wyglądać pogoda w najbliższych dniach w {city}:",
        "Oto przewidywana pogoda dla {city} na następne dni:",
        "Prognoza długoterminowa dla {city} przedstawia się następująco:",
        "Sprawdzam dane prognostyczne dla {city} na nadchodzące dni:",
        "W najbliższych dniach w {city} przewiduje się następującą pogodę:"
      ]
    },
    {
      "tag": "help",
      "patterns": [
        "Jak mogę się z tobą komunikować",
"Jakie pytania mogę zadawać",
"Co powinienem wiedzieć o twoich możliwościach",
"Nie wiem jak zadawać pytania",
"Czy możesz mi wytłumaczyć jak cię używać",
"Potrzebuję instrukcji",
"Pokaż mi przykładowe pytania",
"Jakich komend mogę używać",
"Czy jest jakiś przewodnik użytkownika",
"Nie rozumiem zasad korzystania",
"Jakie masz opcje",
"Potrzebuję przewodnika po funkcjach",
"Wyjaśnij mi swoje funkcjonalności",
"Jak najlepiej korzystać z twoich możliwości",
"Pokaż możliwe interakcje",
"Co powinienem wpisać aby uzyskać informacje",
"Jak najefektywniej zadawać pytania",
"Podaj przykłady skutecznych zapytań",
"Jak skonstruować dobre pytanie",
"Czego nie potrafisz robić",
"Jakie są twoje ograniczenia",
"Z jakimi miastami działasz",
"Jak dokładne są twoje prognozy",
"Skąd czerpiesz dane pogodowe",
"Podaj przykładową rozmowę",
"Jakie parametry pogodowe pokazujesz",
"Nauczysz mnie jak cię używać",
"Jak mogę uzyskać prognozę długoterminową",
"Czy mogę zadawać pytania o przeszłą pogodę",
"Jak sprawdzić warunki atmosferyczne w innym języku",
        "Pomoc",
        "Potrzebuję pomocy",
        "Co potrafisz?",
        "Jak działa ten bot?",
        "Instrukcja",
        "Jak cię używać",
        "Jakie masz funkcje",
        "Co możesz zrobić",
        "Do czego służysz",
        "Jak działa ten chatbot",
        "Co umiesz",
        "Podaj listę funkcji",
        "Nie wiem jak cię używać",
        "Pokaż mi co potrafisz",
        "Wyjaśnij jak działasz",
        "Na co pozwalasz",
        "Jak mogę cię używać",
        "Jakie polecenia rozumiesz",
        "Czym się zajmujesz",
        "O co mogę zapytać",
        "Jakie masz możliwości",
        "Nie rozumiem jak cię obsługiwać",
        "Jak z tobą rozmawiać",
        "Opisz swoje funkcje",
        "Możesz mi pomóc?",
        "Podaj swoje funkcjonalności",
        "Pokaż opcje",
        "Menu pomocy",
        "Co powinienem wiedzieć o tobie",
        "Jak sprawdzić pogodę",
        "Jak zapytać o pogodę",
        "Jakie miasta obsługujesz",
        "Instrukcja obsługi",
        "Tutorial",
        "Jak uzyskać prognozę",
        "Gdzie znajdę informacje o prognozie",
        "Jak działa wyszukiwanie",
        "Jak zadawać pytania",
        "Co potrafisz powiedzieć o pogodzie"
      ],
      "responses": [
        "Jestem chatbotem pogodowym, zaprojektowanym aby dostarczać informacje o pogodzie dla miast na całym świecie. Możesz zapytać np. 'Jaka jest pogoda w Zakopanem?' lub poprosić o prognozę: 'Prognoza na 5 dni dla Wrocławia'.",
"Możesz ze mną rozmawiać w naturalny sposób o pogodzie. Przykładowe pytania: 'Czy będzie dzisiaj padać w Poznaniu?', 'Jaka jest temperatura w Krakowie?', 'Prognoza dla Warszawy na weekend'.",
"Aby uzyskać informacje pogodowe, wystarczy że zapytasz o konkretne miasto, np. 'Jaka jest pogoda w Gdyni?', 'Czy jest wietrznie w Szczecinie?', 'Prognoza dla Lublina'. Podaję aktualną temperaturę, opady, wilgotność, wiatr i inne warunki.",
"Jestem asystentem specjalizującym się w informacjach pogodowych. Potrafię odpowiadać na pytania o aktualną pogodę (np. 'Pogoda w Katowicach') oraz prognozy (np. 'Jak będzie w weekend w Olsztynie?'). Wystarczy, że zapytasz o konkretne miasto.",
"Możesz zadawać pytania o: 1) Aktualną pogodę: 'Pogoda w Białymstoku?' 2) Temperaturę: 'Ile stopni jest w Toruniu?' 3) Opady: 'Czy pada w Rzeszowie?' 4) Prognozy: 'Jaka będzie pogoda jutro w Opolu?'",
"Aby korzystać z moich usług, po prostu zadawaj pytania o pogodę w wybranym mieście. Przykłady: 'Jaka jest aktualna pogoda w Bydgoszczy?', 'Prognoza na weekend dla Kielc', 'Czy będzie padać w Sopocie?'. Odpowiem na podstawie aktualnych danych meteorologicznych.",
"Jestem botom dostarczającym informacje pogodowe. Aby uzyskać informacje, podaj nazwę miasta i rodzaj informacji, która Cię interesuje, np. 'Temperatura w Radomiu', 'Czy jest słonecznie w Tarnowie?', 'Prognoza dla Częstochowy na najbliższe dni'.",
"Jestem tutaj, aby pomóc Ci z informacjami pogodowymi. Możesz zapytać o aktualne warunki, temperatury, opady, wiatr, prognozy i inne dane meteorologiczne dla dowolnego miasta. Przykład: 'Jaka jest pogoda dzisiaj w Zabrzu?'",
"Aby uzyskać informacje o pogodzie, wystarczy że podasz miasto i rodzaj informacji, która Cię interesuje, na przykład: 'Pogoda w Płocku', 'Jaka jest temperatura w Wałbrzychu?', 'Czy będzie padać w weekend w Gliwicach?'. Odpowiem na podstawie najświeższych danych.",
        "Mogę pomóc Ci sprawdzić pogodę w dowolnym mieście! Wystarczy, że zapytasz np. 'Jaka jest pogoda w Warszawie?' lub 'Pogoda w Krakowie'.",
        "Jestem chatbotem pogodowym. Zapytaj mnie o aktualną pogodę w dowolnym mieście, a ja sprawdzę dla Ciebie najnowsze dane!",
        "Potrafię sprawdzać pogodę. Spróbuj zapytać 'Jaka jest pogoda w Gdańsku?' lub 'Temperatura w Poznaniu'.",
        "Mogę udzielić Ci informacji o aktualnej pogodzie w każdym mieście. Wystarczy zapytać mnie np. 'Jaka jest pogoda w Rzeszowie?' lub 'Czy pada w Łodzi?'",
        "Jestem asystentem pogodowym. Mogę sprawdzić dla Ciebie aktualną temperaturę, opady, wiatr i inne warunki pogodowe. Po prostu zapytaj o pogodę w wybranym mieście.",
        "Możesz zapytać mnie o aktualną pogodę w dowolnym mieście, np. 'Pogoda w Warszawie' lub o prognozę na kilka dni, np. 'Prognoza na 5 dni dla Krakowa'.",
        "Jestem chatbotem specjalizującym się w informacjach pogodowych. Potrafię sprawdzić aktualną pogodę oraz prognozy. Wystarczy, że podasz nazwę miasta.",
        "Odpowiadam na pytania o pogodę w różnych miastach. Mogę podać temperaturę, wilgotność, ciśnienie, prędkość wiatru i inne dane pogodowe. Po prostu zapytaj o konkretne miasto.",
        "Służę informacjami na temat aktualnej pogody oraz prognoz. Możesz zapytać np. 'Jaka jest pogoda w Gdańsku?' lub 'Prognoza na weekend w Poznaniu'."
      ]
    },
    {
      "tag": "fallback",
      "patterns": [],
      "responses": [
        "Niestety nie zrozumiałem, o co pytasz. Możesz zapytać o pogodę w wybranym mieście, np. 'Jaka jest pogoda w Krakowie?'",
"Przepraszam, ale nie mam pewności co do Twojego pytania. Czy chodzi o pogodę w konkretnym mieście?",
"Nie jestem pewien jak Ci pomóc z tym zapytaniem. Jestem chatbotem pogodowym - możesz zapytać np. 'Jaka jest pogoda w Gdańsku?' lub 'Prognoza dla Poznania'.",
"Mam trudność ze zrozumieniem tego pytania. Czy możesz zapytać o pogodę w konkretnej lokalizacji?",
"Wygląda na to, że Twoje pytanie nie dotyczy pogody lub nie zostało sformułowane w sposób, który mogę zrozumieć. Spróbuj zapytać np. 'Jaka jest temperatura w Łodzi?'",
"Nie jestem w stanie zrozumieć Twojego zapytania. Jestem asystentem pogodowym - zapytaj mnie o pogodę w wybranym mieście.",
"Nie rozpoznaję tego polecenia. Czy chcesz zapytać o aktualne warunki pogodowe lub prognozę dla jakiegoś miasta?",
"Przykro mi, ale nie zrozumiałem Twojego pytania. Czy możesz sprecyzować jakie miasto i jakie informacje pogodowe Cię interesują?",
"Twoje zapytanie jest dla mnie niejasne. Jestem specjalistą od pogody - zapytaj mnie o aktualną pogodę lub prognozę dla wybranego miasta.",
"Nie rozumiem tego zapytania. Pomogę Ci z informacjami pogodowymi, jeśli zapytasz np. 'Jaka jest pogoda w Warszawie?' lub 'Czy będzie padać w Krakowie?'",
        "Przepraszam, nie zrozumiałem. Czy możesz przeformułować pytanie?",
        "Nie jestem pewien, o co pytasz. Możesz to wyjaśnić inaczej?",
        "Nie rozumiem tego pytania. Możesz zapytać mnie o pogodę w konkretnym mieście.",
        "Hmm, nie rozpoznaję tego zapytania. Spróbuj zapytać o pogodę, np. 'Jaka jest pogoda w Warszawie?'",
        "Wybacz, ale nie zrozumiałem Twojego pytania. Jestem chatbotem pogodowym - zapytaj mnie o aktualną pogodę lub prognozę w wybranym mieście.",
        "Nie całkiem rozumiem, o co pytasz. Możesz zapytać o pogodę w konkretnym mieście, np. 'Jaka jest temperatura w Krakowie?'",
        "Przepraszam, ale nie mogę zrozumieć Twojego pytania. Spróbuj zapytać np. 'Czy pada deszcz w Gdańsku?' lub 'Jaka jest prognoza dla Wrocławia?'",
        "Wygląda na to, że nie zrozumiałem Twojego pytania. Możesz zapytać o pogodę lub prognozę dla dowolnego miasta.",
        "Nie rozpoznaję tego polecenia. Jestem zaprogramowany, aby udzielać informacji o pogodzie - np. 'Jaka jest pogoda w Poznaniu?'"
      ]
    },
    {
      "tag": "smalltalk",
      "patterns": [
        "Czy masz dzisiaj dobry dzień",
"Skąd wiesz tyle?",
"Czy jesteś dobrym botem",
"Lubisz swoją pracę",
"Jak długo już pracujesz",
"Jakie masz doświadczenie",
"Czy możesz opowiedzieć jakiś żart",
"Powiedz coś zabawnego",
"Czy możemy zostać przyjaciółmi",
"Co myślisz o globalnym ociepleniu",
"Czy wierzysz w zmiany klimatyczne",
"Czy potrafisz przewidzieć pogodę",
"Jak dokładne są twoje prognozy",
"Skąd czerpiesz swoje informacje",
"Kto cię zaprogramował",
"Gdzie mieszkasz",
"Czy masz rodzeństwo",
"Czy masz rodzinę",
"Lubisz rozmawiać z ludźmi",
"Ile masz lat",
"Kiedy masz urodziny",
"Co ci się podoba w pogodzie",
"Czy lubisz rozmawiać o pogodzie",
"Co myślisz o burzach",
"Boisz się burzy",
"Umiesz śpiewać o pogodzie",
"Znasz piosenki o pogodzie",
"Czy możesz mówić w innych językach",
"Czy potrafisz żartować",
"Jakie masz marzenia",
        "Co robisz",
        "Co słychać",
        "Co u ciebie",
        "Jak leci",
        "Jak się masz",
        "Co tam",
        "Jak tam",
        "Co porabiasz",
        "Opowiedz mi coś",
        "Nudzi mi się",
        "Jestem znudzony",
        "Pogadajmy",
        "Porozmawiajmy",
        "Powiedz coś ciekawego",
        "Masz jakieś hobby",
        "Lubisz pogodę",
        "Jaka jest twoja ulubiona pogoda",
        "Znasz jakiś dowcip o pogodzie",
        "Powiedz żart o pogodzie",
        "Jaka pogoda jest najlepsza",
        "Co lubisz robić w deszczowy dzień",
        "Czy lubisz słońce",
        "Co myślisz o burzy",
        "Czy lubisz śnieg",
        "Powiedz coś o sobie",
        "Kim jesteś",
        "Skąd jesteś",
        "Kto cię stworzył",
        "Kiedy powstałeś",
        "Czy jesteś człowiekiem",
        "Jesteś botem",
        "Czy masz uczucia",
        "Czy jesteś inteligentny",
        "Jak działasz",
        "Jaki jest sens życia",
        "Dlaczego niebo jest niebieskie",
        "Opowiedz mi o klimacie"
      ],
      "responses": [
        "Jako chatbot pogodowy, zawsze mam pogodny nastrój! Jak mogę Ci dzisiaj pomóc z informacjami o pogodzie?",
"Zostałem zaprojektowany, aby dostarczać informacje pogodowe w przyjazny sposób. Czy mogę sprawdzić dla Ciebie pogodę w jakimś mieście?",
"Interesuję się głównie pogodą i zjawiskami atmosferycznymi. To moja specjalność! Czy chciałbyś sprawdzić aktualną pogodę w jakiejś lokalizacji?",
"Moja praca to dostarczanie dokładnych informacji pogodowych. Chętnie pomogę Ci sprawdzić aktualne warunki lub prognozę dla wybranego miasta!",
"Zmiany klimatyczne to poważny temat, który wpływa na wzorce pogodowe na całym świecie. Jako bot pogodowy, obserwuję te zmiany poprzez dane, które analizuję. Czy mogę pomóc Ci z informacjami o aktualnej pogodzie?",
"Pogoda to fascynujący temat! Od słonecznych dni po potężne burze - każde zjawisko atmosferyczne ma swój urok. W jakim mieście chciałbyś sprawdzić pogodę?",
"Wiesz co jest najlepsze w mojej pracy? Nigdy nie narzekam na pogodę! Zawsze jestem gotowy, by dostarczyć Ci najświeższe informacje pogodowe.",
"A wiesz jak meteorolodzy żartują? Mówią, że ich prognozy są trafne w 100% - czasami! A tak poważnie, czy mogę sprawdzić dla Ciebie aktualną pogodę?",
"Burze to jedne z najpotężniejszych zjawisk atmosferycznych. Fascynujące, ale i niebezpieczne. Zawsze warto być dobrze poinformowanym o nadchodzącej pogodzie. Czy mogę pomóc Ci sprawdzić prognozę?",
"Jestem chatbotem zaprojektowanym do pomocy z informacjami pogodowymi. Mogę sprawdzić dla Ciebie aktualną pogodę lub prognozę dla dowolnego miasta - po prostu zapytaj!",
        "Jestem chatbotem pogodowym, więc głównie rozmawiam o pogodzie! Jak mogę Ci pomóc?",
        "U mnie wszystko dobrze, dzięki za pytanie! Czy mogę sprawdzić dla Ciebie pogodę w jakimś mieście?",
        "Zajmuję się dostarczaniem informacji o pogodzie. Czy chcesz poznać warunki pogodowe w jakimś konkretnym miejscu?",
        "Nic specjalnego, po prostu czekam, aby pomóc Ci z informacjami o pogodzie. Co mogę dla Ciebie zrobić?",
        "Moim zadaniem jest odpowiadanie na pytania o pogodę. W jakim mieście chciałbyś sprawdzić aktualną pogodę?",
        "Nie mam ulubionych pogód, ale mogę powiedzieć, że burze to bardzo interesujące zjawiska atmosferyczne! Mogę sprawdzić dla Ciebie aktualną pogodę.",
        "Jestem chatbotem pogodowym stworzonym, aby dostarczać informacje o pogodzie. Czy mogę Ci w czymś pomóc?",
        "Wiesz co mówią meteorolodzy? Prognozy są jak horoskopy, ale z większymi szansami na sukces! Czy chciałbyś poznać prognozę pogody dla jakiegoś miasta?",
        "Najbardziej lubię, gdy jest słonecznie z temperaturą 22°C - idealna pogoda! A Ty jaką pogodę lubisz? Mogę sprawdzić aktualną aurę w Twoim mieście.",
        "Jestem tu, aby pomóc Ci z informacjami pogodowymi. Zapytaj mnie o pogodę w dowolnym mieście!"
      ]
    },

   {
      "tag": "greeting",
      "patterns_en": [
        "Hello", "Hi", "Hey", "Good morning", "Good afternoon", "Good evening",
        "Hi there", "Hello there", "Greetings", "What's up", "Howdy",
        "Nice to meet you", "Hey there", "Morning", "Evening", "Afternoon",
        "Hello weather bot", "Hi weather assistant", "Hey weather app",
        "Start", "Begin", "Let's start", "Wake up", "Are you there",
        "Can we talk", "I need information", "Let's chat", "Hello bot",
        "Hi AI", "Hey buddy", "G'day", "Top of the morning", "Yo",
        "Hiya", "Hello friend", "Greetings and salutations", "Hello world",
        "Anyone there", "Is anyone home", "I'd like to ask something",
        "I have a question", "Can you help me", "Need your assistance"
      ],
      "responses_en": [
        "Hello! How can I help you with the weather today?",
        "Hi there! Ask me about the weather in any city.",
        "Hey! I'm your weather assistant. What would you like to know?",
        "Good day! Looking for weather information?",
        "Hello! I can provide weather forecasts. Which city are you interested in?",
        "Greetings! I'm ready to help with current weather or forecasts.",
        "Hi there! Need weather information for your trip or daily planning?",
        "Hello! I'm at your service for any weather-related questions.",
        "Hi! How can I help you check the weather today?",
        "Hello there! I can tell you weather conditions for almost any city worldwide.",
        "Hey! Ready to provide weather updates. What city would you like to know about?",
        "Hello! I can give you current conditions or forecasts. Just ask!",
        "Hi there! Whether it's rain, sunshine, or snow you're curious about, I'm here to help!",
        "Greetings! Ask me about temperature, humidity, wind, or general conditions in any location!",
        "Hello! Would you like current weather information or a forecast?"
      ]
    },
    {
      "tag": "goodbye",
      "patterns_en": [
        "Goodbye", "Bye", "See you later", "See ya", "Farewell", "Take care",
        "I'm leaving", "I have to go", "Talk to you later", "Bye bye", "Cya",
        "Have a nice day", "Until next time", "Signing off", "Catch you later",
        "I'm done", "That's all", "End", "Finish", "Exit", "Close",
        "Good night", "I'm off", "Gotta go", "Later", "Peace out",
        "Adios", "Cheerio", "So long", "Bye for now", "Got to run",
        "Until next time", "See you soon", "Thanks, bye", "Bye, thanks for your help",
        "That's all I needed", "That's it for now", "Ending chat", "Closing app",
        "I'll be going now", "Time to leave", "That will be all", "End conversation",
        "Terminating session", "That's enough for today", "Goodbye for now",
        "No more questions", "I'm satisfied now", "That concludes our chat"
      ],
      "responses_en": [
        "Goodbye! Have a great day!",
        "Bye! Come back if you need more weather information.",
        "See you later! Stay dry and warm!",
        "Take care! Don't forget your umbrella if it's going to rain!",
        "Farewell! It was nice talking to you.",
        "Goodbye! Remember to check the weather before going out!",
        "See you next time! Enjoy your day, whatever the weather!",
        "Bye! I'll be here when you need weather updates again.",
        "Take care and stay weather-prepared!",
        "Goodbye! Hope the sun shines on your day!",
        "See you soon! Remember - in weather, preparation is key!",
        "Farewell! May fair weather follow you!",
        "Bye for now! Sunshine or rain, I'll be here to help again!",
        "Take care! Whatever the weather, stay safe out there!",
        "Goodbye! I'll be here with weather information when you return."
      ]
    },
    {
      "tag": "thanks",
      "patterns_en": [
        "Thanks", "Thank you", "Thank you so much", "Thanks a lot",
        "I appreciate it", "Thank you for your help", "Thanks for the information",
        "That's helpful", "Great, thanks", "Thx", "Ty", "Appreciate it",
        "That helps", "Much appreciated", "Thanks for that", "Cheers",
        "Thank you kindly", "Many thanks", "Thanks a million", "Ta",
        "I'm grateful", "That was helpful", "You've been helpful", "Very helpful",
        "Thanks for checking", "Thank you for looking that up", "Thanks for telling me",
        "Thank you for the weather info", "Thanks for the forecast", "Thank you for the weather report",
        "Thanks for your time", "I appreciate your assistance", "Thanks for the quick response",
        "Thank you for being so helpful", "Thanks for the detailed information",
        "I appreciate the information", "Thanks for your service", "Thank you for answering",
        "Thanks for your explanation", "Thank you for clarifying", "Thanks, that's exactly what I needed",
        "Thank you, that answers my question", "Thanks! Just what I wanted to know",
        "Thanks for the heads up", "Thank you for the warning", "Thanks for letting me know"
      ],
      "responses_en": [
        "You're welcome!",
        "Glad I could help!",
        "Anytime!",
        "No problem at all!",
        "Happy to assist!",
        "My pleasure!",
        "You're very welcome!",
        "Glad to be of service!",
        "It's my pleasure to help with weather information!",
        "You're welcome! Need anything else?",
        "Happy to provide weather updates anytime!",
        "No problem! Weather information is what I'm here for!",
        "You're welcome! Stay weather-ready!",
        "Glad the information was helpful!",
        "You're welcome! I'm always here for your weather questions!",
        "It's what I'm here for!",
        "Happy to help with your weather queries!",
        "Glad I could provide the information you needed!",
        "You're welcome! Stay dry out there!",
        "Anytime you need weather updates, just ask!"
      ]
    },
    {
      "tag": "weather",
      "patterns_en": [
        "What's the weather in {city}",
        "Weather in {city}",
        "How's the weather in {city}",
        "Current weather in {city}",
        "What's the temperature in {city}",
        "Is it raining in {city}",
        "Is it sunny in {city}",
        "What's the weather like in {city}",
        "Temperature in {city}",
        "How hot is it in {city}",
        "How cold is it in {city}",
        "Current conditions in {city}",
        "Weather conditions in {city}",
        "Tell me about the weather in {city}",
        "What's the sky like in {city}",
        "What's it like outside in {city}",
        "What's the current weather in {city}",
        "Is it nice in {city} today",
        "Is it bad weather in {city}",
        "What's going on weather-wise in {city}",
        "How does it feel outside in {city}",
        "Is it stormy in {city}",
        "Are there clouds in {city}",
        "Is it overcast in {city}",
        "Is it foggy in {city}",
        "Is it misty in {city}",
        "Is it snowing in {city}",
        "Is it hailing in {city}",
        "Is it sleeting in {city}",
        "Is there a thunderstorm in {city}",
        "Is there a storm in {city}",
        "Is it drizzling in {city}",
        "What are the current conditions in {city}",
        "Is it clear in {city}",
        "Is the sky clear in {city}",
        "What's the current temperature in {city}",
        "How's the sky in {city}",
        "Check the weather in {city}",
        "Give me the weather for {city}",
        "I want to know the weather in {city}",
        "Can you tell me the weather in {city}",
        "Please check the weather in {city}",
        "I'd like to know the current conditions in {city}",
        "What should I expect in {city} today",
        "Do I need a jacket in {city}",
        "Do I need an umbrella in {city}",
        "Should I wear a coat in {city}",
        "How's the weather looking in {city} right now",
        "What's the real feel in {city}",
        "What's the apparent temperature in {city}",
        "Is it comfortable outside in {city}",
        "Is it pleasant in {city} today",
        "Is the weather good in {city}",
        "Is the weather bad in {city}",
        "Give me the current weather information for {city}",
        "I need the weather report for {city}",
        "Weather update for {city}",
        "Weather status in {city}",
        "Current atmospheric conditions in {city}"
      ],
      "responses_en": [
        "Checking the current weather in {city}...",
        "Here's the current weather for {city}:",
        "Let me get the weather information for {city}...",
        "Here are the current conditions in {city}:",
        "The current weather in {city} is:",
        "I'm retrieving the latest weather data for {city}...",
        "Here's what it's like right now in {city}:",
        "Current weather conditions for {city}:",
        "Let me check what's happening weather-wise in {city}...",
        "Here's the current weather situation in {city}:",
        "Fetching real-time weather information for {city}...",
        "The weather report for {city} shows:",
        "Here's the current meteorological data for {city}:",
        "Let me look up the current conditions in {city} for you...",
        "Here's what the weather is doing in {city} right now:"
      ]
    },
    {
      "tag": "forecast",
      "patterns_en": [
        "Weather forecast for {city}",
        "What's the forecast for {city}",
        "Will it rain in {city}",
        "Will it be sunny in {city}",
        "What's the weather going to be like in {city}",
        "How's the weather looking in {city}",
        "Forecast for {city}",
        "What's the weather forecast for {city}",
        "What will the weather be in {city} tomorrow",
        "Will it be hot in {city} tomorrow",
        "Will it be cold in {city} tomorrow",
        "What's the weather for the weekend in {city}",
        "Weather for next week in {city}",
        "Future weather in {city}",
        "Weather prediction for {city}",
        "Long-term forecast for {city}",
        "Is it going to rain in {city}",
        "Is it going to snow in {city}",
        "Weather outlook for {city}",
        "What's the prediction for {city}",
        "How will the weather be in {city}",
        "Weather for the coming days in {city}",
        "What's the weather trend for {city}",
        "Is there rain in the forecast for {city}",
        "Any chance of rain in {city}",
        "Chance of precipitation in {city}",
        "Will it be nice in {city} tomorrow",
        "Will the weather improve in {city}",
        "Will the weather get worse in {city}",
        "Is a storm coming to {city}",
        "Are there any weather warnings for {city}",
        "Weather alerts for {city}",
        "What's the 5-day forecast for {city}",
        "What's the 7-day outlook for {city}",
        "What's the extended forecast for {city}",
        "What's the forecast for the next few days in {city}",
        "What's the forecast looking like for {city}",
        "What's the weather forecast saying for {city}",
        "What does the forecast say about {city}",
        "What's in store weather-wise for {city}",
        "Weather expectations for {city}",
        "Weather for the upcoming week in {city}",
        "What's the forecast saying for {city} this week",
        "Tell me about the upcoming weather in {city}",
        "Is it going to be a nice day in {city} tomorrow",
        "Should I expect rain in {city} tomorrow",
        "Will I need sunscreen in {city} tomorrow",
        "Will I need an umbrella in {city} this week",
        "Is there a cold front coming to {city}",
        "Is there a warm front coming to {city}",
        "What's the forecast for Monday in {city}",
        "What's the forecast for Tuesday in {city}",
        "What's the forecast for Wednesday in {city}",
        "What's the forecast for Thursday in {city}",
        "What's the forecast for Friday in {city}",
        "What's the forecast for Saturday in {city}",
        "What's the forecast for Sunday in {city}",
        "Is there going to be a temperature change in {city}",
        "Will it get warmer in {city}",
        "Will it get colder in {city}",
        "What's the weather going to be for the next 3 days in {city}",
        "Any rain expected in {city} this week",
        "Weather predictions for the coming days in {city}"
      ],
      "responses_en": [
        "Let me check the forecast for {city}...",
        "Here's the weather forecast for {city}:",
        "Looking at the upcoming weather for {city}...",
        "Here's what the weather will be like in {city}:",
        "The forecast for {city} shows:",
        "I'm retrieving the weather forecast for {city}...",
        "Here's the predicted weather for {city}:",
        "Let me get the upcoming weather details for {city}...",
        "Here's what's expected weather-wise in {city}:",
        "The weather outlook for {city} is:",
        "According to the forecast for {city}:",
        "Here's what meteorologists are predicting for {city}:",
        "Let me pull up the forecast information for {city}...",
        "Here's the weather prediction for {city}:",
        "The extended forecast for {city} shows:"
      ]
    },
    {
      "tag": "help",
      "patterns_en": [
        "Help", "I need help", "What can you do", "How does this work",
        "How to use", "What can I ask", "Instructions", "Guide me",
        "What are your capabilities", "How to ask about weather",
        "What should I say", "Show me how to use this", "Give me examples",
        "Help me use this app", "What commands do you understand",
        "How to get weather information", "What features do you have",
        "What are you capable of", "Tell me how to use you",
        "How do I ask about weather", "How do I check the forecast",
        "What questions can I ask", "How do I operate this",
        "Tutorial", "User guide", "Manual", "How-to",
        "I'm confused", "I don't know what to do", "I'm stuck",
        "I don't understand how to use this", "Show me the options",
        "What are my options", "Give me a list of commands",
        "What can this app do", "What are all the features",
        "Show menu", "Menu options", "What functions are available",
        "How do you work", "Explain how to use you", "How to interact with you",
        "How to talk to you", "What can I say to you",
        "What can you tell me", "How do I get started",
        "Where do I begin", "What information can you provide",
        "How accurate are you", "Where do you get your data",
        "What cities do you support", "Which locations can I ask about",
        "What's the correct way to ask", "Can you show me an example",
        "Can you give me a demo", "I need some guidance",
        "I'm new to this", "First time user here"
      ],
      "responses_en": [
        "I can help you check the current weather or forecast for any city! Just ask something like 'What's the weather in London?' or 'Forecast for New York'.",
        "You can ask me about current weather conditions or forecasts for different cities. For example, try 'How's the weather in Paris?' or 'Will it rain in Tokyo tomorrow?'",
        "I'm your weather assistant! Ask me about the weather or forecast for any city around the world. Try phrases like 'Weather in Berlin' or 'Chicago forecast'.",
        "Need weather information? Just ask me about any city! Examples: 'What's the temperature in Madrid?' or 'Weather forecast for Sydney'.",
        "I can provide weather information for cities worldwide. Ask me things like:\n- 'What's the weather in Boston?'\n- 'Is it raining in Seattle?'\n- 'Forecast for Miami'\n- 'Will it snow in Moscow tomorrow?'",
        "I'm designed to give you weather information! You can ask about:\n- Current conditions: 'Weather in Toronto?'\n- Temperature: 'How hot is it in Phoenix?'\n- Rain: 'Is it raining in Portland?'\n- Forecasts: 'Weather forecast for Bangkok'",
        "I can provide weather data for almost any city. Try asking:\n- 'What's the weather like in Dublin?'\n- 'Temperature in Cairo?'\n- 'Will it rain in Vancouver tomorrow?'\n- 'Weekend forecast for Rio de Janeiro'",
        "Ask me about weather in specific locations! Examples:\n- Current weather: 'How's the weather in Rome?'\n- Forecasts: 'What's the forecast for Dubai?'\n- Specific conditions: 'Is it windy in Chicago?'\n- Tomorrow's weather: 'Weather in Mexico City tomorrow?'",
        "I'm your weather assistant! I can tell you about:\n- Current weather in any city\n- Temperature, humidity, wind, and conditions\n- Weather forecasts for upcoming days\n- Rain chances and precipitation information\nJust ask about the city you're interested in!",
        "Here's how to use me:\n1. Ask about weather in a specific city\n2. Request current conditions or forecasts\n3. Ask about specific weather elements (temperature, rain, etc.)\n\nExample: 'What's the weather like in Barcelona right now?'"
      ]
    },
    {
      "tag": "fallback",
      "patterns_en": [],
      "responses_en": [
        "I'm sorry, I didn't understand that. Could you rephrase your question?",
        "I'm not sure what you're asking. You can ask me about the weather in any city.",
        "I didn't quite catch that. Try asking about the weather or forecast for a specific city.",
        "I'm having trouble understanding. Please try asking something like 'What's the weather in London?'",
        "Sorry, I couldn't understand your request. Please ask about current weather or forecast for a city.",
        "I'm not sure I understand. Try asking about the weather in a specific city.",
        "I don't think I caught that correctly. Could you try again with a weather-related question?",
        "I'm designed to provide weather information. Try asking something like 'What's the temperature in Paris?'",
        "I didn't understand your request. You can ask me things like 'Is it raining in Seattle?' or 'Forecast for Tokyo'",
        "I'm sorry, but I'm not sure how to respond to that. I can help with weather information if you ask about a specific city.",
        "That's outside my capabilities. I can provide weather information for cities worldwide if you'd like to know about that.",
        "I'm having difficulty processing that request. Could you ask about the weather or forecast for a specific location?",
        "I'm a weather assistant and I'm not sure how to help with that. Try asking about weather conditions in a city.",
        "I'm afraid I can't help with that. I'm designed to provide weather information for cities around the world.",
        "I don't have enough information to help with that. Could you specify a city when asking about weather?"
      ]
    },
    {
      "tag": "smalltalk",
      "patterns_en": [
        "How are you", "What's up", "How's it going", "How do you feel",
        "What are you doing", "Who are you", "Tell me about yourself",
        "What's your name", "Are you a bot", "Are you human",
        "Tell me a joke", "Do you like the rain", "What's your favorite weather",
        "How was your day", "Are you real", "What do you think about",
        "Do you have feelings", "Can you feel emotions", "Are you intelligent",
        "How smart are you", "How old are you", "When were you born",
        "Where are you from", "Who made you", "Who created you",
        "What's the meaning of life", "Are you alive", "What do you like",
        "What do you hate", "Do you have hobbies", "Do you sleep",
        "Do you dream", "Do you eat", "Can you see me",
        "What do you look like", "What are you wearing", "How tall are you",
        "How much do you weigh", "Tell me something interesting", "Share a fact",
        "Do you like music", "What music do you like", "Do you like movies",
        "What movies do you like", "What's your favorite color", "What's your favorite food",
        "Do you have friends", "Who's your best friend", "Do you have family",
        "Are you married", "Do you have children", "What do you do for fun",
        "What makes you happy", "What makes you sad", "Can you laugh",
        "Can you cry", "Do you get angry", "Do you get tired",
        "Do you like your job", "Do you enjoy helping people", "How do you work",
        "Can you see", "Can you hear", "Can you think",
        "What time is it", "What day is it", "What's the date today"
      ],
      "responses_en": [
        "I'm a weather chatbot, always ready to help with weather information! How can I assist you today?",
        "I'm doing well! I specialize in weather information. What city's weather would you like to know about?",
        "I'm a weather assistant, designed to provide you with weather updates and forecasts. Need any weather information?",
        "I'm here to help with all your weather-related questions! Which city are you interested in?",
        "As a weather chatbot, I'm always in a sunny mood! How can I help you with the weather today?",
        "I'm an AI weather assistant. I can provide current conditions or forecasts for cities worldwide. What would you like to know?",
        "I was created to help people get weather information quickly and easily. Which city's weather are you interested in?",
        "I'm your friendly weather bot! I love talking about sunshine, rain, snow, and everything in between. How can I help you today?",
        "I'm a digital weather assistant, designed to provide accurate weather information. What city would you like a weather report for?",
        "I'm focused on providing weather information - that's my specialty! Which city's weather would you like to know about?",
        "I'm a weather information specialist. I can tell you about temperature, precipitation, wind conditions, and more. What would you like to know?",
        "Think of me as your personal weather forecaster! I'm here to help you plan around the weather. Which city are you interested in?",
        "I don't have personal preferences, but I'm very enthusiastic about helping you with weather information! What city would you like to check?",
        "I'm a weather-focused assistant, ready to provide forecasts and current conditions for anywhere in the world. How can I assist you?",
        "I'm here to make checking the weather convenient and informative! What location would you like weather information for?"
      ]
    },
  {
      "tag": "temperature",
      "patterns": [
        "jaka jest temperatura w",
        "temperatura w",
        "ile stopni jest w",
        "ile stopni w",
        "jak ciepło w",
        "jak zimno w",
        "stopnie celsjusza w",
        "jaka temperaturka w",
        "sprawdź temperaturę w",
        "podaj temperaturę dla",
        "wskaż temperaturę w",
        "powiedz temperaturę w",
        "jaką mamy temperaturę w",
        "ile dziś stopni w",
        "temperatura dzisiaj w",
        "jakie temperatury w"
      ],
      "responses": [
        "Aktualna temperatura w {city} to {temp}°C (odczuwalna: {feels_like}°C).",
        "W {city} jest teraz {temp}°C, a temperatura odczuwalna to {feels_like}°C.",
        "Temperatura w {city} wynosi obecnie {temp}°C."
      ],
      "patterns_en": [
        "what is the temperature in",
        "what's the temperature in",
        "temperature in",
        "how many degrees in",
        "degrees in",
        "how hot is it in",
        "how cold is it in",
        "check temperature in",
        "give me temperature for",
        "show temperature in",
        "tell me the temperature in",
        "current temperature in",
        "temp in",
        "how warm is it in"
      ],
      "responses_en": [
        "Current temperature in {city} is {temp}°C (feels like {feels_like}°C).",
        "It's {temp}°C in {city} right now, and it feels like {feels_like}°C.",
        "The temperature in {city} is currently {temp}°C."
      ]
    },

    {
      "tag": "rain",
      "patterns": [
        "czy pada w",
        "czy pada deszcz w",
        "czy jest deszcz w",
        "czy są opady w",
        "czy pada śnieg w",
        "czy leje w",
        "czy jest ulewa w",
        "padało w",
        "czy będzie padać w",
        "czy jest burza w",
        "czy są burze w",
        "czy będzie burza w",
        "czy jest deszczowo w"
      ],
      "responses": [
        "Sprawdzam, czy pada w {city}...",
        "Informacja o opadach w {city}:",
        "Aktualnie w {city}..."
      ],
      "patterns_en": [
        "is it raining in",
        "is there rain in",
        "does it rain in",
        "are there showers in",
        "is it snowing in",
        "is there snow in",
        "is there a storm in",
        "are there storms in",
        "will it rain in",
        "will it storm in",
        "any precipitation in",
        "is it rainy in",
        "is it wet in"
      ],
      "responses_en": [
        "Checking if it's raining in {city}...",
        "Rain information for {city}:",
        "Currently in {city}..."
      ]
    }

  ]
}